lesson	rank_in_lesson	word	definition
1	1	altruistic	unselfishly concerned for the welfare of others, generous
1	2	ambivalent	having contrary feelings or attitudes, uncertain as to course of action
1	3	angular	lean; sharp cornered; gaunt
1	4	arrogant	overbearingly assuming; insolently proud
1	5	aversion	strong disinclination, disliking
1	6	discern	to differentiate between two or more things
1	7	disdain	intense dislike; to treat with scorn or contempt, to reject as unworthy
1	8	disparage	to degrade, to speak of someone or something in a derogatory manner
1	9	disparity	inequality, the condition or fact of being unequal in age, rank, or degree
1	10	embellish	to decorate, to make beautiful with ornamentation
1	11	engender	to cause, to produce, to create
1	12	innocuous	harmless, producing no injury
1	13	insipid	boring and stupid
1	14	lament	to mourn or to express sorrow in a demonstrative manner
1	15	laud	to praise, to extol
1	16	obscure	difficult to see, vague
1	17	ostentatious	showy, pretentious
1	18	prodigal	wasteful, a person given to extravagance
1	19	repudiate	to reject, to disown, to disavow
1	20	reticence	restraint in speech, reluctance to speak
1	21	revere	to honor, to regard with respect
1	22	serene	calm, placid
1	23	subtle	delicate, elusive, not obvious
1	24	superfluous	beyond what is needed or required, an overflow
1	25	taciturn	quiet, not verbose
2	1	antithesis	a direct opposite, a contrast
2	2	ascend	to move upward, to rise from a lower station
2	3	austere	strict, stern; unadorned, ascetic
2	4	autonomous	independent, self-contained
2	5	banal	common, ordinary, lacking freshness, hackneyed
2	6	benign	not causing harm, of gentle disposition, beneficial
2	7	capricious	changing suddenly, fickle
2	8	dawdle	to waste time, to spend time idly, to move in a lackadaisical manner
2	9	defamation	act of harming or ruining another's reputation
2	10	esoteric	understood only by a small group or a select few
2	11	exacerbate	to aggravate, to irritate, to vex
2	12	extol	to praise, to glorify
2	13	fastidious	reflecting a meticulous or demanding attitude, critical to an extreme
2	14	furtive	secret in an underhanded way, stealthy
2	15	gregarious	sociable and outgoing
2	16	hypocrite	one who is insincere or deceitful
2	17	innate	existing from birth, inborn
2	18	lethargic	sluggish, languid
2	19	melancholy	depression of spirits
2	20	opaque	not allowing the passage of light, not transparent; hard to understand
2	21	prolific	abundantly fruitful, marked by great productivity
2	22	reprove	to scold or to rebuke for a misdeed usually with kindly intent
2	23	symmetry	balanced proportions
2	24	tranquil	peaceful, calm
2	25	venerate	to honor, to revere
3	1	abstruse	difficult to understand, recondite, concealed
3	2	affable	friendly, courteous, amiable
3	3	audacity	excessive boldness, rashness, daring
3	4	contrite	extremely apologetic, remorseful, repentant
3	5	credulous	believing on slight evidence, gullible
3	6	depravity	moral corruption, a wicked or perverse act
3	7	deprecate	to disapprove regretfully, to belittle, to express mild disapproval
3	8	didactic	instructive, designed to teach
3	9	dormant	inactive, sleeping
3	10	enigmatic	mysterious, inexplicable, puzzling
3	11	erudite	scholarly
3	12	exotic	foreign, unfamiliar
3	13	fuse	to mix or to join (usually by melting)
3	14	immutable	unchanging
3	15	incorrigible	incapable of being reformed or improved
3	16	loathe	to detest
3	17	mitigate	to cause to become less harsh or hostile; to make less severe
3	18	nullify	to cause not to be in effect, to negate
3	19	pacifistic	opposed to war or use of force
3	20	pretentious	making an extravagant outward show, self-important
3	21	prologue	introductory remarks in a speech, play or literary work, introductory action
3	22	recant	to withdraw or to repudiate a statement or belief, revoke
3	23	servile	overly submissive
3	24	trepidation	fear, trembling, agitation
3	25	vilify	to malign, to defame, to utter abusive statements against
4	1	aesthetic	relating or pertaining to a sense of beauty or art
4	2	aloof	apart, indifferent
4	3	archaic	antiquated, old, out of use
4	4	assuage	to ease, to mitigate, to make less painful or burdensome, to calm
4	5	belie	to contradict, to give a false impression
4	6	contentious	quarrelsome, stirring controversy
4	7	daunt	to intimidate, to dismay
4	8	debilitate	to weaken, to enfeeble
4	9	discord	lack of agreement, tension, strife
4	10	dissemination	the act of spreading widely; scattering
4	11	dogmatic	strongly opinionated in an unwarranted manner
4	12	duplicity	double-dealing, hypocrisy
4	13	egocentric	self-centered, selfish
4	14	euphemism	substitution of an inoffensive term for one that is offensive
4	15	gluttonous	greedy for food and drink
4	16	mundane	ordinary, commonplace
4	17	ominous	threatening
4	18	petulance	unreasonable touchiness or irritability
4	19	pompous	exaggerated show of dignity or self-importance, bombastic
4	20	precocious	exceptionally early in development or occurrence
4	21	slothful	lazy, indolent
4	22	trivia	insignificant matters
4	23	verbose	wordy, very talkative
4	24	virulent	extremely poisonous; hateful
4	25	volatile	quickly changeable, easily vaporized
5	1	acrimonious	caustic
5	2	ameliorate	to make better, to relieve, to improve
5	3	amenable	open to or willing to follow advice or suggestion, tractable, malleable
5	4	amorphous	shapeless, having no definite form
5	5	buoyant	capable of floating; cheerful
5	6	cajole	to persuade with deliberate flattery, to coax, to wheedle
5	7	calamity	a serious event causing distress or misfortune
5	8	debase	to reduce in dignity or quality
5	9	efface	to erase, to wear away
5	10	elucidate	to make clear, to explain
5	11	ephemeral	lasting a short period of time, fleeting
5	12	ferocity	savagery
5	13	flourish	to thrive, to grow well
5	14	haughty	arrogant, excessively proud and vain
5	15	impervious	incapable of being entered or penetrated, not capable of being damaged
5	16	inane	lacking significance, meaning, or point; silly, insipid
5	17	indolence	laziness
5	18	infallible	incapable of error
5	19	inscrutable	difficult to understand; mysterious
5	20	languid	slow, sluggish, listless, weak
5	21	malice	desire to harm others
5	22	oblique	slanting, indirect, evasive, devious, misleading
5	23	opulence	wealth, affluence, abundance
5	24	penitent	showing or feeling regret for wrongdoing, repentant
5	25	perfunctory	acting routinely with little interest or care
6	1	antiquated	obsolete, out of fashion, no longer usable
6	2	arable	fit for plowing, tillable
6	3	ascendancy	domination; growing power
6	4	atrophy	to waste away, to wither
6	5	clandestine	secret
6	6	conciliate	to reconcile, to pacify, to renew a friendship
6	7	cursory	superficial, casual, hastily done
6	8	derision	scoffing at, mockery, ridicule
6	9	enmity	absolute hatred
6	10	extricate	to free, to disentangle
6	11	forbearance	patience, lenience
6	12	frivolous	lacking in seriousness or importance
6	13	garrulous	talkative, rambling
6	14	impetuous	violent, hasty, rash, impulsive
6	15	industrious	skillfully busy or occupied
6	16	infamous	having a reputation of the worst kind, vicious, notoriously bad
6	17	insolence	insulting or contemptuous behavior
6	18	levity	excessive frivolity, flippancy
6	19	oblivion	state of being forgotten
6	20	paradoxical	something that appears false or contradictory but is actually correct
6	21	perjury	false testimony under oath
6	22	rancor	bitter deep-seated ill will, enmity
6	23	sycophant	a self-serving flatterer, a brownnoser
6	24	vacillating	changing, fluctuating
6	25	vivid	bright, distinct, and clear
7	1	abhor	to regard with extreme repugnance; to detest utterly; to loathe
7	2	accolade	praise, an award
7	3	ascetic	one who leads a life of self-denial and contemplation; absent of luxury
7	4	bequeath	to hand down, to give or to leave in a will
7	5	charlatan	one who claims to know something that he does not, a quack
7	6	conflagration	a large fire
7	7	dearth	a lack, a scarcity
7	8	diffidence	shyness, reserve, unassertiveness
7	9	effervescent	showing high spirits
7	10	ethereal	heavenly, unusually delicate, light, lacking material substance, intangible
7	11	expunge	to remove, to erase
7	12	guile	deceitfulness, duplicity
7	13	implausible	not believable
7	14	incongruity	nonconformity, disagreement, incompatibility
7	15	insularity	qualities of an island; narrow-mindedness of opinion
7	16	morose	being sullen or gloomy
7	17	placate	to appease or to pacify by making concessions
7	18	poignant	piercing, incisive, and keen
7	19	provincial	lacking sophistication, narrow-minded
7	20	reiterate	to repeat
7	21	spontaneous	having no external cause, acting on impulse
7	22	synthesis	combining parts into a whole
7	23	toxic	poisonous
7	24	vigilant	very alert, watchful
7	25	voluble	ability to use words easily, fluent and glib
8	1	acquiesce	to give in, to comply
8	2	affinity	a likeness, a natural relationship, a kinship
8	3	blasphemous	irreverent, profane
8	4	buttress	a support or prop
8	5	circumspect	careful to consider consequences, cautious, prudent
8	6	corroboration	confirmation
8	7	deplete	to use up gradually, to lessen in amount or value
8	8	despotic	ruling oppressively and absolutely; tyrannical
8	9	emaciated	very thin (usually as a result of starvation), wasting away
8	10	empirical	based on observation or experiment and not on theory
8	11	extraneous	not essential or vital
8	12	fallow	inactive, plowed but not sowed
8	13	homogeneous	of the same kind
8	14	hyperbole	obvious exaggeration
8	15	incontrovertible	indisputable
8	16	irascible	irritable, easily angered, cranky, cross
8	17	laconic	using a minimum of words; concise to the point of seeming rude
8	18	magnanimity	having a lofty, generous, and courageous spirit
8	19	obsequious	overly attentive, like a sycophant, servile
8	20	proliferation	an increase in number, multiplication
8	21	scrupulous	very principled, very careful and conscientious
8	22	sublime	exalted, noble, uplifting
8	23	surreptitious	secret, clandestine, stealthy
8	24	veracity	devotion to the truth
8	25	zeal	enthusiasm, fervor
9	1	ambiguous	having more than one meaning; unclear, uncertain
9	2	amiable	friendly, sociable, and congenial; civil and urbane
9	3	crass	coarse, crude, and unrefined
9	4	discursive	rambling, moving from one topic to another randomly
9	5	docile	easily managed, obedient, passive
9	6	estrange	to alienate, to separate
9	7	exonerate	to free from blame, obligation, or responsibility; to exculpate
9	8	gratuitous	given freely, unwarranted
9	9	hypothesize	to reach a conclusion based on an assumption or something not proven
9	10	indignation	anger as a result of something unjust
9	11	induce	to bring on or to bring about
9	12	intractable	stubborn, difficult to manage
9	13	introspective	the quality of examining one's own mind or thoughts
9	14	lucid	easily understood, mentally sound
9	15	meticulous	taking great care
9	16	misanthrope	a hater of mankind
9	17	munificent	very generous
9	18	plagiarize	to steal and to use another's writings as one's own
9	19	profuse	extravagantly abundant, flowing freely
9	20	recluse	a person who lives in solitude, a hermit
9	21	sated	satisfied fully, indulged to excess
9	22	stupefy	to dull the senses as to put into a stupor
9	23	terse	concise
9	24	transient	quickly passing, fleeting
9	25	virtuoso	one skilled in the fine arts as an accomplished musician, a savant
10	1	abstracted	removed in thought from the immediate situation, lost in one's own mind
10	2	adulation	extreme praise or admiration
10	3	adversity	misfortune, unfavorable happening
10	4	burgeon	to sprout, to newly emerge
10	5	chimera	a fantasy; a horrible creature of the imagination
10	6	culpable	deserving blame; guilty
10	7	decadent	decaying
10	8	entreaty	a plea, an earnest request
10	9	fatuous	foolish, silly in an obnoxious way, inane
10	10	humane	kind, compassionate, sympathetic and considerate
10	11	indulgent	lenient, especially toward oneself
10	12	ineptness	lack of competence or judgment
10	13	ingrate	an ungrateful person
10	14	inundate	to flood, to overflow
10	15	miser	one who lives in wretched circumstances to save and hoard money
10	16	nefarious	extremely wicked, evil, vicious
10	17	prattle	meaningless sounds, babble
10	18	predilection	preference
10	19	procrastinate	to defer action; to delay
10	20	stoic	a stoical person; not showing passion or feeling, indifference, impassive
10	21	suffrage	right to vote
10	22	summon	to call together, to send for or to request to appear
10	23	transparent	quality of being able to be seen through, clear
10	24	turbulence	wild or disturbing activity
10	25	viable	capable of working, functioning, or developing adequately
11	1	abet	to encourage or to assist (usually an offense against justice or the law)
11	2	agile	characterized by ability to move quickly with suppleness and grace
11	3	antidote	something that relieves the effects of poison
11	4	ascertain	to find out definitely; to determine
11	5	benevolence	kindness, generosity, charity
11	6	desolate	deserted, without inhabitants, barren
11	7	din	loud and discordant noises, cacophony
11	8	dissuade	to advise against, to talk out of
11	9	distend	to expand, to swell
11	10	enervation	weakness
11	11	eulogy	praise or tribute
11	12	fitful	irregular
11	13	indelible	cannot be removed, washed away or erased
11	14	inert	unable to move or to act, sluggish
11	15	malevolence	ill will or evil intentions
11	16	obliterate	to remove all traces of; to do away with; to destroy completely; to cancel
11	17	ornate	excessively decorated
11	18	paucity	scarcity, fewness of number, dearth
11	19	piety	devotion and reverence to God
11	20	precarious	dangerous, risky, not a secure situation
11	21	prosaic	commonplace, uninspired, banal
11	22	quiescent	inactive, dormant
11	23	scintillating	sparkling, shining, or flashing
11	24	squalid	filthy in appearance, sordid
11	25	vexation	discomfort or distress
12	1	abridge	to shorten, to diminish
12	2	alacrity	prompt and cheerful response
12	3	antipathy	a dislike, distaste, or enmity
12	4	augment	to make greater or to supplement
12	5	bombastic	using inflated language, pompous
12	6	decry	to speak against, to rail against, to disparage
12	7	eclectic	coming from a variety of diverse sources
12	8	enhance	to make better, to improve
12	9	euphonious	pleasant or agreeable (sound); dulcet
12	10	fervid	ardent, burning, impassioned
12	11	impecunious	without money
12	12	ingratiate	to make an effort to gain good favor with someone
12	13	luxuriant	abundant in growth, very fertile
12	14	paltry	trifling; petty; worthless
12	15	pedantry	act of showing off learning in a manner that is needless and unimaginative
12	16	placid	peaceful, calm
12	17	preclude	to make impossible
12	18	promontory	land or rock projecting into a body of water
12	19	raze	to completely destroy
12	20	secular	nonreligious, worldly
12	21	static	having no motion, showing little change
12	22	tact	a keen sense for what is appropriate or tasteful in delicate situations
12	23	torpid	sluggish, inactive, dull
12	24	vindicated	cleared of accusations or charges
12	25	vindictive	revengeful, spiteful
13	1	allure	to influence, sway, or entice with some tempting appeal
13	2	apathy	a lack of concern or feeling, indifference
13	3	auspicious	favorable
13	4	caricature	a portrayal where features are distorted, a parody
13	5	cordial	courteous and gracious; friendly; warm
13	6	cosmopolitan	dealing with the whole world
13	7	deplore	to regret deeply or strongly; to feel or to express deep grief for
13	8	discrepant	disagreeing, inconsistent
13	9	ecstasy	extreme happiness
13	10	empathy	understanding or identification with another's feelings or situation
13	11	equivocal	ambiguous (usually intended to mislead)
13	12	expeditious	done with speed and efficiency
13	13	galvanize	to stimulate or to excite as if by an electric shock
13	14	implacable	incapable of being appeased
13	15	inimitable	not able to be imitated
13	16	mutability	the degree to which something is subject and likely to change
13	17	odious	deserving hate or contempt
13	18	parochial	limited in range or scope, narrow, provincial
13	19	penchant	a strong inclination
13	20	ponderous	very heavy, unwieldy from weight
13	21	protract	to prolong
13	22	replete	filled to capacity, abundantly supplied
13	23	soporific	something that tends to cause sleep and to dull awareness or alertness
13	24	strident	loud and harsh sounding
13	25	treachery	violation of faith; betrayal of trust; treason
14	1	adulterate	to make impure by adding lesser substances; to corrupt
14	2	animosity	harsh feelings, enmity, resentment, hatred
14	3	apocryphal	of doubtful origin or authenticity, not genuine
14	4	avarice	greed for wealth
14	5	coalesce	to merge, to fuse, to join, or to unite
14	6	collaborate	to work together
14	7	cryptic	mysterious, secret
14	8	desultory	jumping around, aimless, random
14	9	dissipation	wasteful spending, squandering
14	10	edifying	instructing and improving spiritually or morally
14	11	equivocate	to attempt to lie, to mislead, or to hide the truth
14	12	espousing	marrying, giving one's loyalty; adopting or embracing a cause
14	13	hedonist	one who seeks pleasure as the sole aim in life
14	14	indefatigable	tireless, incapable of being fatigued
14	15	interminable	having or seeming to have no end, wearisomely protracted
14	16	naive	unsophisticated; inexperienced
14	17	parody	humorous or ridiculous imitation
14	18	peripheral	on the edge, not important
14	19	portent	a sign or forewarning
14	20	prodigious	extraordinary in bulk, quantity, or degree, great in size, enormous
14	21	profane	showing contempt toward sacred things
14	22	respite	a rest, a delay, a period of relief
14	23	sordid	filthy, foul
14	24	surfeited	fed or supplied to excess
14	25	trifling	not significant, frivolous
15	1	abate	to reduce in intensity or amount
15	2	antecedent	preceding a cause
15	3	arid	very dry
15	4	baneful	a source of harm or destruction; harmful, destructive
15	5	beleaguer	to harass
15	6	contempt	scorn, extreme dislike or disdain
15	7	cynical	given to faultfinding, sneering, and sarcasm; exhibiting mocking disbelief
15	8	dexterous	skillful and active with the hands; manually adroit and skillful
15	9	dour	sullen, stern, harsh
15	10	exalt	to glorify, to praise, to raise in rank
15	11	felicitous	happy or delightful
15	12	impeccable	free from fault or blame
15	13	imperturbable	marked by extreme calm, impassivity, assurance and steadiness
15	14	malleable	capable of being shaped, influenced, or altered; tractable
15	15	mortify	to humiliate, to wound pride, to experience shame
15	16	obdurate	extremely stubborn, unwilling to accept advice
15	17	platitude	trite remark, banal statement
15	18	profligate	a wasteful person; extremely wasteful, given to licentiousness
15	19	pugnacious	looking for a fight, combative, belligerent
15	20	savory	appetizing
15	21	spurn	to reject or to refuse with hostility
15	22	supercilious	haughty, vain and arrogant
15	23	trite	overused, commonplace, hackneyed
15	24	vociferous	clamorous; boisterous (suggests a vehement outcry)
15	25	vulgarity	something offensive to good taste and refinement
16	1	acclaim	praise, approval; to salute; to hail
16	2	amass	to collect, to gather, to accumulate
16	3	anarchist	one who believes in the absence of government or law
16	4	banter	to speak in a witty or teasing manner
16	5	blithe	lighthearted, joyous, glad, cheerful, free of spirit
16	6	cacophonous	harsh sounding, having dissonance
16	7	commensurate	equal
16	8	complacency	the state of being self-satisfied
16	9	desiccate	to dry up
16	10	diminution	diminishment, reduction
16	11	elicit	to bring out a response, to evoke
16	12	incessant	uninterrupted
16	13	jollity	merriment, state of being jolly
16	14	kindle	to start a fire, to stir up
16	15	parsimony	stinginess, frugality; excessive economy
16	16	penury	extreme poverty
16	17	perspicacious	having clear insight, shrewd, very perceptive
16	18	pliable	easily manipulated or able to be bent freely without breaking
16	19	quell	to quiet or to put down a disturbance
16	20	rectify	to set right or to correct
16	21	rue	to be sorry for, to regret
16	22	sluggard	a person who is lazy
16	23	stealthy	acting in a secret and sneaky way
16	24	succinct	brief, compact
16	25	voluminous	marked by great volume or size
17	1	abstemious	sparing (usually in eating or drinking); temperate
17	2	admonish	to caution, to advise, or to counsel against something
17	3	amity	friendship
17	4	bastion	a fortification, a stronghold
17	5	callous	hardened; insensitive, indifferent, unsympathetic
17	6	clemency	leniency
17	7	debunk	to expose the falseness or hypocrisy of something
17	8	diffuse	to spread in all directions
17	9	dupe	to trick, to fool, to deceive, or to cheat; to bilk
17	10	exorcise	to expel an evil spirit, to get rid of something troublesome
17	11	finesse	delicate skill
17	12	humility	the quality or state of being humble in spirit
17	13	imperious	extremely overbearing
17	14	larceny	the act of stealing another's property
17	15	mirth	gladness and merriment usually accompanied by laughter
17	16	mollify	to soothe or to appease, to assuage
17	17	neologism	a newly coined word or phrase; new use of a word (often disapproved of)
17	18	orthodox	conforming to established standards, conventional
17	19	plight	difficult or adverse situation
17	20	repertoire	a list of works of music or readings that are ready for performance
17	21	rupture	to break apart, to burst
17	22	solicitous	worried, concerned
17	23	stolid	showing little emotion
17	24	tempestuous	turbulent, stormy
17	25	untenable	not able to be defended
18	1	accord	agreement, state of harmony
18	2	annulment	a voiding, invalidation
18	3	arduous	very difficult to accomplish or to achieve, very demanding (task)
18	4	astute	shrewd, perspicacious, perceptive
18	5	carping	finding fault
18	6	covert	secret, concealed
18	7	desecrate	to violate the sanctity of something, to profane, to adulterate
18	8	dilatory	delaying, slow
18	9	esteem	estimate of value; approval and respect often blended with fondness
18	10	expatriate	an exile
18	11	fortuitous	something that happens by accident or chance (usually good)
18	12	guileless	without deceit
18	13	hackneyed	trite, banal, lacking freshness
18	14	illustrious	notably outstanding, famous
18	15	insatiable	incapable of being satisfied
18	16	loquacious	very talkative
18	17	neurotic	an emotionally unstable person; emotionally unstable
18	18	parch	to become dry from heat, to shrivel from heat
18	19	porous	something that permits the passage of substances through pores
18	20	rancid	having a foul or offensive smell or taste
18	21	reconcile	to reestablish friendship, to resolve a dispute
18	22	saccharine	overly sweet attitude
18	23	sonorous	resonant, producing a full and rich sound
18	24	tentative	not fully worked out, provisional, uncertain
18	25	utility	usefulness
19	1	adjunct	something joined or added to a thing but not necessarily a part of it
19	2	anomalous	out of place, abnormal
19	3	belligerent	waging war; inclined to or exhibiting assertiveness
19	4	censure	to blame or to condemn
19	5	compliance	a yielding; acquiescence
19	6	defile	to make dirty, to desecrate, to pollute
19	7	diligent	characterized by steady, attentive and energetic effort in a pursuit or study
19	8	expedient	appropriate for a purpose but not necessarily moral, right, or just
19	9	flout	to treat with contempt
19	10	galling	very irritating
19	11	heralded	announced or publicized
19	12	incantation	a spell, written or recited formula of words designed for a particular effect
19	13	indigenous	native to a certain area
19	14	luscious	very pleasant to the taste
19	15	nomadic	characterized by moving about from place to place as nomads
19	16	parry	to deflect or to ward off a blow
19	17	precipitate	to cause to speedily occur, to throw headlong
19	18	pungent	sharp or irritating to the taste or smell, acrid
19	19	ratify	to give formal approval
19	20	sagacious	wise, shrewd, very discerning
19	21	slovenly	messy, untidy, careless
19	22	spiteful	full of spite or malice; malicious; malevolent
19	23	tangential	slightly connected, divergent
19	24	taper	to decrease in thickness or width
19	25	vagrant	a wanderer who does not have a home
20	1	affluent	abounding in wealth; prosperous; flowing freely
20	2	antiquity	the quality of being ancient; ancient times
20	3	blandishment	flattery
20	4	chasten	to discipline, to use punishment to correct behavior
20	5	civility	polite and courteous behavior
20	6	congenial	characterized by friendly sociability
20	7	deft	skillful, adroit
20	8	dispatch	to send away with promptness or speed; speed, quickness
20	9	embroil	to entangle, to throw into confusion or strife
20	10	expurgate	to remove obscene or objectionable material usually before publication
20	11	garner	to gather together, to store up
20	12	heretical	contrary to church doctrine or accepted beliefs or standards
20	13	iconoclast	one who attacks established beliefs or institutions
20	14	irreproachable	faultless, not discreditable
20	15	mercurial	changing unpredictably, fickle
20	16	nuance	a subtle distinction or difference
20	17	partisan	one who exhibits extreme or possibly blind allegiance to a group or cause
20	18	pious	marked by showing zealous devotion to the rites of religion
20	19	raucous	loud and boisterous, harsh, disorderly
20	20	repugnant	disgusting, offensive
20	21	satiric	characterized by satire (a branch of literature ridiculing vice or folly)
20	22	sporadic	occasionally occurring
20	23	succulent	very juicy
20	24	terrestrial	of the earth or pertaining to the earth
20	25	ungainly	awkward
21	1	aggregate	sum total, whole amount
21	2	archipelago	a group of islands
21	3	boon	favorable; a blessing, a benefit
21	4	buffoon	a clown, a silly or stupid person
21	5	chicanery	unethical methods, trickery
21	6	contaminant	something that causes impurity; something that defiles or pollutes
21	7	corrugated	bent into folds
21	8	deleterious	harmful; dangerous; injurious
21	9	disputatious	inclined to fight, to argue, or to debate
21	10	emend	to correct (usually by a critic)
21	11	fetter	to restrict by shackling or chaining
21	12	giddy	dizzy
21	13	heterogeneity	state of being dissimilar, composition from unlike elements
21	14	indomitable	incapable of being conquered
21	15	irresolute	indecisive, unsure of how to proceed
21	16	metaphorically	compared nonliterally
21	17	panacea	cure-all, remedy for all ills
21	18	peruse	to read or to examine
21	19	prodigy	one with exceptional talents or powers; an extraordinary accomplishment
21	20	rebuff	to snub or to refuse bluntly
21	21	resilient	ability to return to a former state
21	22	scapegoat	one who takes the blame for others
21	23	spurious	false or deceitful
21	24	tractable	capable of being easily led, taught, or controlled; obedient
21	25	vivacious	full of life, very animated
22	1	approbation	official approval, praise, commendation
22	2	assent	to agree or to concur; to give in, to yield; agreement
22	3	boorish	rude or insensitive; ill-mannered
22	4	circumlocution	talking around a subject
22	5	copious	abundant
22	6	delineation	an outline, depiction, portrayal
22	7	dissemble	to disguise, to pretend
22	8	emulate	to try to equal or to be like (usually through imitation)
22	9	fickle	likely to change, capricious
22	10	gravity	seriousness, importance
22	11	homely	plain or unattractive in appearance
22	12	indigence	poverty
22	13	jingoist	an extreme patriot, usually calls for a belligerent foreign policy
22	14	migratory	moving from place to place, wandering, transient
22	15	obfuscating	confusing, making unclear
22	16	proclivity	inclination, tendency
22	17	prostration	a stretching out due to lacking vitality and being completely overcome
22	18	recalcitrant	very stubborn, refusing to obey, unruly
22	19	resolute	characterized by a decided purpose
22	20	sectarian	a member of a sect that is a faction with extreme beliefs
22	21	stalwart	one who supports a cause with firm partisanship
22	22	tacit	understood, silent, not spoken, implicit
22	23	transcended	surpassed, exceeded
22	24	virtuous	having excellent morals; righteous
22	25	whets	stimulates, sharpens
23	1	ambulatory	able to walk or move around
23	2	anarchy	the absence of government; a state of lawlessness
23	3	breadth	the width of something, comprehensive quality
23	4	cant	secret jargon or slang
23	5	circumscribed	restricted or limited
23	6	congeal	to solidify or to coagulate
23	7	demagogue	a person or leader who appeals to passions or prejudices
23	8	dissonance	unrelated and harsh combination of sounds, discord
23	9	dubious	doubtful; not clear
23	10	engrossed	completely occupied or absorbed
23	11	facilitate	to make less difficult
23	12	fledgling	an immature or inexperienced person, a young bird that is ready to fly
23	13	gilded	covered with gold or a golden color; having a background of wealth
23	14	graphic	vivid
23	15	introvert	one who turns inward and concentrates thoughts upon himself
23	16	jocular	jesting or joking
23	17	malcontent	a person who is constantly dissatisfied and discontented
23	18	misnomer	misnaming, use of a wrong name
23	19	obstinate	unyielding regardless of reason or logic
23	20	prevalent	generally or widely accepted, current, or practiced
23	21	prudent	wise and careful about practical matters
23	22	pulverize	to reduce into small pieces, to demolish
23	23	recapitulation	a summary
23	24	steadfastness	quality of being fixed with little chance of moving or changing
23	25	tactile	perceptible by touch; capable of being felt
24	1	abase	to degrade, to humiliate
24	2	abdicate	to renounce or to give up a power
24	3	brazen	shameless, insolent, disrespectful
24	4	caustic	sarcastically biting, acrid
24	5	commiserate	to express sympathy or pity
24	6	decorum	appropriate conduct, correct and proper behavior
24	7	deference	courteous going along with the opinions or wishes of another
24	8	drone	speaking in a monotonous tone; a continuous low humming sound
24	9	enunciate	to pronounce clearly
24	10	girth	size or dimensions (usually the measure around a body)
24	11	grandiose	impressive, imposing
24	12	inception	the beginning of something
24	13	ineffable	incapable of being expressed in speech or words
24	14	nebulous	lacking clarity of feature or sharpness of outline
24	15	neophyte	a recent convert, beginner, novice
24	16	obtuse	dull of mind, insensitive, stupid
24	17	parable	a short fictitious story that has a moral
24	18	rant	to rave, to speak in a loud and attacking manner
24	19	reproach	to blame for something; a disgrace
24	20	savant	a scholar, a learned person
24	21	stultifying	causing to be useless, crippling, causing to appear stupid
24	22	syllabus	a brief outline of the main points of a text or course of study
24	23	troupe	a company or group--usually theatrical performers
24	24	unequivocal	without a doubt, clear
24	25	vapid	dull, inane, insipid
25	1	arcane	secret, mysterious
25	2	artifacts	simple objects showing human workmanship
25	3	atone	to make amends
25	4	callow	immature, inexperienced
25	5	clamor	loud noise or shouting
25	6	countenance	to condone or to give approval
25	7	dilettante	an aimless and superficial follower of the arts, a dabbler
25	8	foreboding	premonition of evil, an ominous omen
25	9	hack	one who forfeits professional integrity in exchange for money or reward
25	10	impede	to interfere with or to obstruct the progress
25	11	indubitable	not open to question or doubt
25	12	invective	critical or abusive language; violent abuse
25	13	philanthropist	one who tries to do good for mankind; lover of mankind
25	14	precursor	something that comes before, forerunner
25	15	relish	to take great pleasure or delight in
25	16	rhetoric	the art of using words effectively in speaking or writing; inflated language
25	17	rigor	strictness, severity
25	18	somnambulist	a sleepwalker
25	19	stymie	to block, to present an obstacle
25	20	tepid	moderately warm; lacking in passion, force, or animation
25	21	unkempt	disheveled in appearance
25	22	vacuous	lacking content; marked by a lack of intelligence
25	23	variegated	changed in appearance by using or applying different colors
25	24	vehement	forcefully expressing emotion or conviction
25	25	zealot	one who embraces a cause and supports it with vigor
26	1	abominable	repugnantly hateful; very unpleasant, detestable, loathsome
26	2	abscond	to leave secretly and hide
26	3	capitulate	to surrender
26	4	castigate	to punish or to subdue by punishment; to criticize with drastic severity
26	5	comatose	lethargic, unconscious
26	6	consolidate	to make solid, to unite, or to merge
26	7	despondency	depression, dejection
26	8	destitution	state of being extremely poor, in extreme want
26	9	eddy	a current of air or water moving contrary to the main current (circularly)
26	10	enfranchise	to give or to bestow something such as the right to vote or citizenship
26	11	ennoble	to elevate, to raise in rank
26	12	fecund	capable of reproducing, intellectual productivity
26	13	inebriation	drunkenness, intoxication
26	14	inopportune	inconvenient, poorly timed
26	15	inviolable	secure from violation or from being profaned
26	16	nonchalance	indifference, a showing of little interest
26	17	prevarication	evasiveness, lie
26	18	primordial	original, existing at the beginning (usually relates to time)
26	19	punctilious	stressing precise following of instructions, details, codes or conduct
26	20	remonstrate	to protest, to make objections
26	21	rudimentary	consisting in first principles, of a primitive kind; relating to basic skills
26	22	sonnet	a fourteen line form of poetry
26	23	tantamount	equivalent in value or significance
26	24	turgid	swollen
26	25	vestigial	something in an underdeveloped form
27	1	abyss	bottomless hole, a vast expanse or depth
27	2	acrid	caustic, bitter, harsh (relates sometimes to taste and smell)
27	3	acuity	sharpness of perception
27	4	baleful	destructive, deadly
27	5	cataclysm	an event or situation that causes a momentous change or upheaval
27	6	catharsis	a purification or purging of emotions that brings about spiritual renewal
27	7	dogma	a system of beliefs or principles
27	8	edifice	a very large building
27	9	enumerate	to count one by one
27	10	grate	to cause irritation
27	11	inertia	resistance to motion or action
27	12	inordinate	exceeding reasonable limits, excessive
27	13	luminous	shining, full of light
27	14	maudlin	overly sentimental
27	15	novice	a beginner
27	16	pique	resentment, irritation
27	17	propensity	preference, natural inclination
27	18	purse	to pucker or to tighten one's lips
27	19	refute	to disprove, to show as erroneous
27	20	remuneration	the act of paying for a service, loss, or expense
27	21	soothsayer	a person who is able to predict the future, seer
27	22	supple	easily bent, elastic, pliable
27	23	travail	difficult labor
27	24	understate	to show restraint or lack of emphasis
27	25	vibrant	full of life
28	1	abeyance	suspension of action
28	2	burly	great in bodily size, sturdy; brusque
28	3	cavalier	an armed horseman, a knight; treating important matters lightly
28	4	chagrin	vexation through humiliation, hurt pride, or disappointment
28	5	coagulate	to gather together in a mass, to clot; to congeal
28	6	compilation	an accumulation of many things
28	7	contest	to compete, to attempt to disprove
28	8	defoliate	to deprive of leaves
28	9	effigy	a dummy or image of a person (usually one who is not liked)
28	10	eon	a long period of time
28	11	fervent	ardent, showing great emotion, impassioned
28	12	ingenuity	cleverness, inventiveness, resourcefulness
28	13	insidious	treacherous or dangerous in a secret sort of way
28	14	myopic	unable to discern, unable to think clearly or objectively; shortsighted
28	15	plethora	superabundance, excessive amount
28	16	propitious	favorably disposed, graciously inclined
28	17	protrusion	something sticking out
28	18	quack	an unqualified or fake doctor, charlatan
28	19	querulous	constantly complaining, whining
28	20	rustic	relating to the country
28	21	sovereign	possessed of controlling power
28	22	temperance	moderation or self-restraint in action or statement
28	23	truncate	to shorten by cutting
28	24	undulant	moving with or resembling a wavelike motion
28	25	viscosity	property of having a high resistance to flow
29	1	adherent	a follower of something such as a leader, party, philosophy, or profession
29	2	advent	a coming or arrival
29	3	cache	a hole or hiding place used to store supplies
29	4	celestial	pertaining to the sky or heavens
29	5	certitudes	things that are inevitable or certain, certainties
29	6	chide	to voice disapproval, to scold
29	7	converge	to move together
29	8	dictum	an authoritative statement, decree
29	9	effusion	a pouring forth (usually overdone in writing or speech)
29	10	exacting	demanding, requiring great care
29	11	excise	to remove by cutting
29	12	fetid	having an offensive smell, malodorous
29	13	harbor	to give shelter or refuge
29	14	impermeable	not able to be penetrated, unable to be passed through
29	15	incipient	beginning to come into being, the early stage of something
29	16	insolvent	without money, broke
29	17	jettison	to discard or to cast off, many times relates to spacecraft
29	18	obtrude	to thrust out, to thrust forward
29	19	quandary	dilemma
29	20	repentant	penitent; characterized by showing repentance or contrition for a past sin
29	21	salubrious	healthful, favorable to one's well-being
29	22	squander	to waste
29	23	tenet	a doctrine or principle held as being true
29	24	validate	to give official sanction
29	25	vista	a distant view seen through an opening
30	1	affront	an offensive act or word; an offense to one's dignity or self-respect
30	2	alcove	a partially enclosed extension of a room or part of a room
30	3	blanch	to take the color out of, to bleach, to make white
30	4	champion	to defend or to support
30	5	compress	to contract, to reduce in size or volume
30	6	convivial	fond of good company and of festivity
30	7	dilation	expansion
30	8	elegiac	mournful, expressing sorrow
30	9	exculpate	to clear from blame or guilt
30	10	fiasco	a total failure and a mess
30	11	heedless	disregarding, thoughtless
30	12	incisive	very perceptive, clear and to the point
30	13	instigation	urging, provocation; initiation
30	14	interloper	one who interferes in the affairs or with the rights of others
30	15	labyrinthine	like a maze, very convoluted and intricate
30	16	molt	to shed an outer covering such as feathers or skin periodically
30	17	pariah	an outcast
30	18	philanderer	one who engages in love affairs lightly or insincerely
30	19	predisposed	inclined toward something in advance
30	20	quench	to extinguish, to put out; to relieve with liquid
30	21	reprobate	to disapprove of; a person with no moral principles, a depraved individual
30	22	salutary	promoting good health or beneficial effects
30	23	tenacious	persistent, holding fast to a position
30	24	tenuous	flimsy, barely attached
30	25	unfrock	to deprive the right to be in a profession (usually applies to a priest)
31	1	alloy	a substance that is a mixture of metals
31	2	altercation	a heated or angry dispute; noisy argument or controversy
31	3	blighted	destroyed or caused by decline or decay
31	4	charismatic	having special qualities or powers that are used for healing or prophecy
31	5	chary	careful, cautious
31	6	convoke	to summon or to call together
31	7	despicable	very bad, contemptible
31	8	embed	to enclose firmly in some mass
31	9	embolden	to encourage one to be bold or to have courage
31	10	florid	flowery, flushed with color
31	11	hiatus	gap, pause, interruption in time
31	12	incurious	uninterested, lacking normal curiosity
31	13	insubordination	disobedience to authority
31	14	lassitude	feeling of weariness; fatigue
31	15	montage	any combination of disparate elements that form a unified, single image
31	16	officious	overly dutiful or obliging, insisting on providing a service not requested
31	17	premature	occurring or existing earlier than what is normal
31	18	presumptuous	brazenly overstepping bounds, arrogant
31	19	relegate	to assign to an inferior position
31	20	rescind	to cancel
31	21	saturate	to soak, to completely fill
31	22	sterile	incapable of reproducing
31	23	tumultuous	marked by disturbance and uproar; raising a great clatter and commotion
31	24	unimpeachable	not to be called into question, exempt from liability
31	25	voracious	having a large appetite, ravenous
32	1	amenity	agreeable ways or manners; the quality of being agreeable or pleasant
32	2	anathema	a vigorous denunciation; one who is intensely disliked
32	3	atypical	unusual or abnormal; odd
32	4	balky	refusing to proceed in an expected direction
32	5	bourgeois	a person with the traits or viewpoints of the bourgeoisie
32	6	concert	agreement in purpose or feeling, consensus
32	7	confluence	a coming together
32	8	corpulence	state of being very fat
32	9	dirge	funeral hymn, lament
32	10	disconcerting	upsetting, frustrating
32	11	endemic	peculiar to or a trait of a group or area
32	12	focus	to concentrate
32	13	hilarity	boisterous merriment, mirth
32	14	indict	to charge or to accuse
32	15	latent	not visible, dormant
32	16	monumental	massive, very great, very important
32	17	myriad	a very large and indefinite number
32	18	oscillating	moving back and forth, swinging, varying
32	19	pithy	concise and meaningful
32	20	premeditated	thought out beforehand
32	21	presage	something that foreshadows a future event; foreknowledge of the future
32	22	quixotic	idealistic but impractical
32	23	reserve	self-restraint
32	24	stasis	motionlessness, stagnation
32	25	warranted	justified
33	1	anchor	to secure firmly
33	2	antediluvian	very, very old (it literally means "before the Flood")
33	3	denigrate	to belittle, to run down, to deny the importance of something
33	4	doleful	having great sorrow
33	5	epilogue	a short addition to a literary work, a short speech given at the end of a play
33	6	epitaph	an inscription in memory of a dead person (usually on a tombstone)
33	7	foible	slight fault, minor weakness of character
33	8	garish	crudely or tastelessly colorful or showy; excessively ornate or elaborate
33	9	homage	a reverential regard; respect shown by external action
33	10	importune	to beg in earnest
33	11	intangibles	things that cannot be realized or defined
33	12	lecher	one who indulges excessively in lasciviousness
33	13	morbidity	unwholesomeness and gloominess, gruesomeness
33	14	ostracize	to exclude by general consent from society or privileges
33	15	patronizing	having a condescending attitude
33	16	plenitude	abundance, a lot
33	17	raconteur	one who is skillful at telling stories and anecdotes
33	18	resonant	echoing, continuing to sound
33	19	sentinel	one who keeps guard as a sentry
33	20	sequester	to seclude
33	21	slag	the residue or mass of metal left after smelting; worthless matter
33	22	sumptuous	lavish, luxurious
33	23	tinge	to add a bit of color; to affect slightly; a slight coloration
33	24	unpalatable	distasteful, unpleasant, disagreeable
33	25	workaday	ordinary, commonplace
34	1	addendum	something added, usually to a book
34	2	anthology	an assortment or collection of selected pieces of literature or art
34	3	bellicose	inclined or eager to fight; aggressively hostile
34	4	bizarre	out of the ordinary, odd
34	5	cognizant	aware, having knowledge
34	6	declaim	to harangue, to speak bombastically or vehemently
34	7	equanimity	a calm temper, an even disposition
34	8	eschew	to avoid or to shun
34	9	exigent	urgent, requiring immediate attention
34	10	hone	to sharpen, to make more intense, to make more effective
34	11	imbue	to impregnate or to inspire with feelings or opinions
34	12	intemperance	lack of moderation (usually relating to drinking alcohol)
34	13	intrepid	fearless
34	14	levitate	to rise or to float in the air in seeming defiance of gravity
34	15	moribund	close to death
34	16	pluralism	condition when many cultures coexist in one society
34	17	portly	heavy or rotund in a stately manner, stout
34	18	resplendent	brilliant, shining
34	19	retrogress	to move backward, to degenerate
34	20	snippet	a small amount, morsel
34	21	subvert	to destroy or to impair by insidious undermining
34	22	sybarite	a person devoted to luxury
34	23	toady	a flatterer; an obsequious sycophant
34	24	upbraid	to scold harshly, to reproach
34	25	willful	unruly, self-willed in an obstinate manner
35	1	abandon	act of unrestrained behavior disregarding consequences
35	2	bemuse	to confuse or to bewilder
35	3	collage	an assembly of diverse things to make an artistic composition
35	4	decorousness	proper behavior
35	5	equilibrium	a state of balance between opposing forces
35	6	ethos	the distinguishing character or values of a specific people or culture
35	7	explicate	to explain, to clarify the meaning
35	8	fold	a group bound together by common beliefs; fenced enclosure for sheep
35	9	impudent	disrespectful, characterized by improper bold behavior
35	10	intensify	to strengthen
35	11	interred	buried
35	12	lionize	to treat one with importance or as a celebrity
35	13	mosaic	a picture made by using various small pieces of multicolored material
35	14	pedestrian	ordinary, unimaginative
35	15	polarization	division into two opposite positions
35	16	reciprocal	mutual, interacting
35	17	rejoinder	an answer to a reply
35	18	restive	unwilling to yield or to adjust
35	19	revile	to subject to verbal abuse
35	20	revulsion	a strong feeling of disgust or repugnance
35	21	sever	to cut or to separate
35	22	surplus	an amount that is more than what is needed
35	23	topple	to overturn
35	24	vanquished	conquered, overpowered
35	25	whim	a sudden and impulsive action
36	1	ardor	warmth or heat of emotion; extreme force, vigor, or energy
36	2	assiduous	marked by careful and unremitting attention, constant in application
36	3	bestial	brutal without reason, having the attributes of a savage
36	4	concord	agreement; concurrence in attitudes, consensus
36	5	confound	to cause one to become confused
36	6	defer	to put off action until a future time; to delay
36	7	dissected	divided into numerous segments or parts
36	8	evince	to show clearly
36	9	husband	to manage prudently and in a conservative manner
36	10	impertinent	insolently rude, not within the proper bounds of good taste or manners
36	11	inanimate	without life
36	12	lithe	flexible and graceful
36	13	maladroit	inept, awkward
36	14	muted	toned down or silenced
36	15	paradigm	a very good example or model
36	16	perfidious	calculated to deceive; deceitful; treacherous
36	17	potable	something drinkable
36	18	redundant	repetitious, superfluous
36	19	retinue	a body of retainers who follow a prince or other distinguished person
36	20	sinuous	bending in and out in a serpentine or wavy form
36	21	subjugate	to bring under one's control
36	22	totter	to stagger as if about to fall
36	23	usurp	to take possession or authority over something without right
36	24	vicarious	experienced through imagined participation in another's activity
36	25	woe	great sorrow, grief, or misfortune
37	1	assimilate	to take in and incorporate as one's own, to absorb
37	2	begrudge	to give reluctantly, to envy a possession or one's enjoyment
37	3	bulwark	a strong defense or something that defends
37	4	commodious	affording ample space and room; adapted to or suitable for use
37	5	conglomerate	a mixture of many things
37	6	dissolution	disintegration, decomposition and dispersion
37	7	dither	a state of trembling excitement or fear; vacillation; a trembling; vibration
37	8	evocative	calling forth, calling to mind
37	9	frenetic	frenzied, frantic
37	10	grisly	ghastly, inspiring fear
37	11	ignoble	of lowly origin, without honor
37	12	impel	to urge or to drive forward (usually with moral pressure)
37	13	intercede	to intervene and to act as a mediator
37	14	lugubrious	excessively mournful
37	15	mutinous	rebellious, unruly
37	16	paragon	a model of excellence or perfection
37	17	perennial	lasting for many years
37	18	potent	powerful, having a strong effect
37	19	pucker	to gather into wrinkles or irregular folds
37	20	retrograde	moving backward
37	21	skewed	not straight, crooked, slanting
37	22	supersede	to replace, to cause to be displaced or set aside
37	23	translucence	the quality of allowing passage of light but not a clear view
37	24	verdant	fresh and green
37	25	zany	comical and outlandish
38	1	abrogate	to abolish, to do away with
38	2	adamant	inflexible, immovable, obstinate
38	3	barbarism	the incorrect usage of words or forms of language
38	4	colloquial	informal (speech)
38	5	compatriot	a fellow countryman
38	6	defuse	to remove or to lessen danger or hostility
38	7	effrontery	extreme boldness, audacity
38	8	egregious	very bad, shocking, conspicuously bad
38	9	gambol	to playfully skip or leap
38	10	hemophilia	a hereditary disease where blood does not coagulate to stop bleeding
38	11	immunity	resistance (usually to a disease)
38	12	impale	to pierce, to fix on a pointed instrument
38	13	knotty	so complicated that it can probably not be solved; full of knots
38	14	libertarian	one who favors absolute liberty and free will
38	15	mired	stuck or entangled
38	16	noxious	harmful, unwholesome
38	17	palatable	agreeable to the taste, acceptable
38	18	palliate	to ease pain, guilt or intensity
38	19	pallor	extreme paleness usually relating to the face
38	20	pernicious	very destructive or harmful, deadly
38	21	skulk	to move in a sneaky, furtive, or stealthy manner
38	22	tarry	to delay in coming or going, to linger
38	23	tawdry	cheap and gaudy in appearance
38	24	temerity	boldness that is foolhardy
38	25	utopian	having the characteristics of an ideally perfect place
39	1	air	to make a public utterance
39	2	augury	an omen or prophecy
39	3	beguile	to deceive, to mislead, to persuade with charm
39	4	connoisseur	a person who is able to be a judge in matters of art or taste
39	5	debauchery	moral corruption
39	6	declivity	downward slope
39	7	diatribe	bitter denunciation or criticism, anathema
39	8	disencumber	to free from burdens, to extricate
39	9	ebullient	overflowing with excitement, showing enthusiasm
39	10	fly-by-night	one who is temporary and usually unreliable
39	11	foliage	leaves of a plant, leafage
39	12	germinate	to sprout, to begin to grow, to evolve
39	13	gratis	free
39	14	hues	colors
39	15	impromptu	without prior preparation
39	16	kudos	awards or honors
39	17	lachrymose	tearful
39	18	legerdemain	sleight of hand, deception or trickery resulting from use of the hands
39	19	lurid	sensational, gruesome and causing shock or horror
39	20	muse	to ponder
39	21	Philistine	a narrow-minded person who opposes or is indifferent to cultural values
39	22	rectitude	state of moral integrity
39	23	rend	to tear violently, to split
39	24	schism	a division of a group into two discordant groups
39	25	uproarious	making great noise (not necessarily negative)
40	1	append	to add in a supplementary manner
40	2	apprise	to inform or to give notice
40	3	ardent	expressing strong feelings, impassioned, zealous
40	4	cloister	to seclude or to confine
40	5	constrict	to tighten or to make narrow
40	6	disentangle	to unravel, extricate
40	7	fanaticism	enthusiasm or zeal that is excessively irrational
40	8	feint	a false appearance, a fake punch to occupy defenses allowing a real blow
40	9	ferment	state of agitation, commotion
40	10	forestalled	prevented or delayed beforehand
40	11	gnarl	to twist extensively
40	12	hoary	white with age
40	13	infernal	relating to hell
40	14	jaunty	stylish and lively in manner or appearance
40	15	malefactor	a criminal
40	16	matriarchy	a family or state headed or ruled by a female
40	17	multifarious	great in variety, diverse
40	18	musty	smelling of damp or decay, malodorous
40	19	obstreperous	marked by aggressive noisiness; stubbornly defiant
40	20	precipice	a very steep cliff or mass of rock, the brink of something dangerous
40	21	precipitous	marked by great rapidity, haste, or lack of caution
40	22	progeny	children, descendants, offspring
40	23	replicate	to repeat, to copy, or to duplicate
40	24	ruminate	to consider for a long time at a slow pace, to ponder
40	25	unobtrusive	not readily noticeable, inconspicuous
41	1	amulet	a charm or ornament worn to protect against evil
41	2	aviary	a place for keeping birds
41	3	burnish	to make shiny or to polish by rubbing
41	4	circumvent	to get around something, to outwit, to frustrate; to avoid
41	5	epitome	a summary or brief representation of something
41	6	evanescent	fleeting; impermanent
41	7	fester	to cause increased poisoning, to inflame or to corrupt
41	8	itinerant	traveling from place to place
41	9	knoll	a small round hill
41	10	magnate	a person of power and influence
41	11	mural	a painting on a wall or ceiling
41	12	omnipotent	having unlimited power
41	13	overt	open to view
41	14	pinnacle	the peak or highest point
41	15	preeminence	superiority to all others
41	16	prurient	arousing an unwholesome desire or interest
41	17	puritanical	marked by severe or rigid morality
41	18	scale	to climb up or over
41	19	staid	reserved and upright in manner or behavior, sedate
41	20	subjective	coming from an individual's mind
41	21	summary	condensed and concise
41	22	tenure	the period of holding something
41	23	unfathomable	not capable of being understood
41	24	valid	well-grounded, justifiable
41	25	wily	cunning, crafty
42	1	abnegate	to surrender or to relinquish (a right, belief, or idea)
42	2	chronic	marked by long duration or by frequent recurrence over a long period
42	3	forsake	to quit or to leave entirely; to depart or to withdraw from
42	4	frugal	avoiding spending money unnecessarily
42	5	gravitate	to move toward something
42	6	guise	costume or outward appearance
42	7	illicit	illegal
42	8	impregnable	incapable of being taken by assault, of being broken into or escaped from
42	9	incensed	really mad
42	10	indigent	very poor, impoverished
42	11	insuperable	incapable of being surmounted; incapable of being vanquished
42	12	intuitive	known without rational thought
42	13	irreverent	showing a lack of respect
42	14	malfeasant	one who is guilty of misbehavior or wrongdoing
42	15	malign	to utter injuriously misleading reports about
42	16	maverick	an independent individual who does not go along with the group
42	17	plunderer	one who robs or loots or otherwise takes things by force
42	18	predator	one that preys, plunders, or destroys
42	19	revelry	loud and boisterous partying or merrymaking
42	20	sanguine	very confident
42	21	taut	tightly drawn, having no slack
42	22	thwart	to effectively oppose or to stop
42	23	timorous	apprehensive, worried, or fearful
42	24	vitriolic	very caustic and sarcastic
42	25	vulnerable	susceptible to injury or attack
43	1	apogee	the highest or most distant point; the climax
43	2	betoken	to give a sign of
43	3	cite	to quote an authority
43	4	communal	pertaining to a group or community
43	5	coterie	a small group that shares interests
43	6	decelerate	to slow down
43	7	despairing	hopeless, despondent, discouraged
43	8	disapprobation	disapproval, condemnation
43	9	extemporaneous	made with little or no preparation, not planned
43	10	extrinsic	not inherent, external
43	11	fallible	capable of making an error
43	12	gentility	state of refinement, member of the upper class or gentry
43	13	implicit	understood but not directly expressed
43	14	iniquity	gross injustice; wickedness; wicked act
43	15	intrinsic	belonging to or pertaining to the essential nature of a thing
43	16	kinetic	pertaining to motion; characterized by movement
43	17	moratorium	a suspension of activity
43	18	opprobrium	disgrace and reproach as a result of bad conduct
43	19	puerile	childish, immature
43	20	pulchritude	beauty, comeliness
43	21	reprise	a recurrence, renewal, or resumption of an action
43	22	scathing	bitterly severe; harmful, injurious
43	23	supplant	to take the place of
43	24	topicality	subject of current interest
43	25	waver	to show indecision or to vacillate
44	1	abrasive	harsh, causing irritation, rough
44	2	appease	to pacify, to be conciliatory in a manner that sacrifices principles
44	3	bewail	to deplore, to express deep sorrow
44	4	cleft	a space or opening made by cleavage, a split
44	5	countermand	to revoke, to cancel, or to reverse
44	6	defraud	to deal with deceptively
44	7	disavowal	denial
44	8	eclipse	to cast a shadow upon; to darken; to make dim or obscure by comparison
44	9	ellipsis	omission of words necessary for complete construction
44	10	fussbudget	one who fusses
44	11	idolatry	worship of idols, excessive devotion
44	12	malicious	motivated by hate or deliberate intent to harm
44	13	mote	a particle or speck of dust
44	14	optimum	most favorable, best or greatest degree attainable
44	15	personification	attribution of personal qualities
44	16	pertinacity	stubborn persistence or act of refusing to yield on an opinion or belief
44	17	prate	to talk idly or foolishly at great length
44	18	precept	a rule guiding conduct or imposing a standard
44	19	repulse	to repel or to rebuff (usually with rudeness)
44	20	scribe	a journalist, a public secretary or clerk
44	21	sophistry	practice of intentionally misleading arguments that seem to be plausible
44	22	supplication	begging, humbly asking for a favor
44	23	traducer	one who slanders or speaks falsely about someone
44	24	venturesome	being bold and taking risks
44	25	waylay	to ambush or to attack unexpectedly
45	1	appreciate	to increase in value
45	2	bigot	one who is utterly intolerant of any creed or belief differing from his own
45	3	chaff	material separated from the seed after threshing, worthless matter
45	4	cliché	an overworked expression, a trite statement
45	5	couple	to join or to link together
45	6	discretion	ability to act on one's own power of individual decision
45	7	emollient	something that soothes or softens
45	8	fatalistic	belief that events are predetermined and cannot be altered
45	9	gamely	in a positive and spirited approach to a task, with unyielding spirit
45	10	idiosyncrasy	a characteristic habit or mannerism that is peculiar to an individual
45	11	ignominy	disgraceful or dishonorable conduct
45	12	indices	plural of index, guides
45	13	infidel	a person who has no religious faith; unbeliever
45	14	malinger	to pretend or to feign illness to avoid work or duty
45	15	motley	exhibiting great diversity of elements; heterogeneous
45	16	ossify	to change or to harden into bone, to be rigidly conventional
45	17	pestilence	a deadly epidemic disease; something considered harmful or evil
45	18	preciosity	meticulousness, extreme fastidiousness
45	19	scurry	to hurry about, to scamper
45	20	sophomoric	immature and poorly informed
45	21	surly	churlishly rude or bad-tempered; unfriendly, hostile
45	22	transgression	violation of a law or command; sin
45	23	vent	to give utterance to
45	24	verify	to prove the truth of; to confirm; to substantiate
45	25	wheedle	to try to convince by flattery, to coax, to cajole
46	1	accrue	to accumulate, to gather, or to grow as interest on money
46	2	bilk	to cheat
46	3	coda	a concluding portion of a musical or dramatic work
46	4	coven	an assembly of witches
46	5	dotard	a senile person
46	6	emotive	characterized by or relating to emotion
46	7	fission	splitting into parts
46	8	floe	a large sheet of floating ice
46	9	garnish	to decorate
46	10	imbibe	to absorb or to drink in
46	11	incarcerate	to put into prison
46	12	malodorous	foul-smelling, highly improper
46	13	mottled	marked with spots of different color
46	14	noisome	unwholesome, having a bad smell
46	15	ostensible	apparent or avowed
46	16	pensive	deeply thoughtful
46	17	petty	small and insignificant
46	18	purveyors	one who provides or procures
46	19	resourceful	acting effectively (usually in difficult situations)
46	20	scuttle	to sink (usually a ship)
46	21	solvent	able to pay debts
46	22	spangle	a small circular piece of glittering material used for decorating garments
46	23	transmutation	a change into something different
46	24	versatile	capable of doing many things; having many uses
46	25	whelp	a young offspring of a mammal
47	1	acerbic	sour or bitter in mood or tone
47	2	arboreal	relating to a tree or the inhabiting of a tree
47	3	articulate	to speak distinctly; expressing oneself clearly
47	4	befuddled	confused
47	5	blunderbuss	a clumsy and careless person; an obsolete firearm with a bell muzzle
47	6	chortle	to chuckle or to laugh from extreme happiness
47	7	coddle	to pamper, to treat with extreme care
47	8	credible	reliable and believable
47	9	encumber	to impede or to hinder; to hamper; to retard
47	10	enthralling	captivating, spellbinding
47	11	flaccid	lacking vigor or force; yielding to pressure for want of firmness
47	12	influx	a flowing or coming in
47	13	marshal	to arrange in proper order; to usher or to lead
47	14	perishable	likely to decay or to spoil
47	15	précis	an abstract or summary
47	16	pyromania	uncontrollable impulse to ignite fires
47	17	query	an inquiry
47	18	requite	to make repayment or to return
47	19	scythe	an instrument for cutting or mowing
47	20	sphinx	a mysterious person or thing given to enigmatic questions or answers
47	21	synchronize	to make simultaneous; to operate at the same time
47	22	travesty	any grotesque or debased likeness or imitation
47	23	trek	a journey (usually slow and difficult), to migrate
47	24	verve	energy, enthusiasm
47	25	winnow	to separate or to distinguish (valuable from worthless parts)
48	1	abject	utterly hopeless, humiliating, or wretched; contemptible
48	2	aperture	a hole or an opening
48	3	array	a large grouping of things; regular order or arrangement; to clothe
48	4	bolt	to move suddenly
48	5	codicil	a supplement or an amendment (usually to a will)
48	6	crescendo	a gradual increase in volume and intensity
48	7	endow	to provide with income or property, to supply with a talent or quality
48	8	flower	to develop fully
48	9	genial	cordial; pleasantly warm
48	10	germane	important to the issue at hand, pertinent
48	11	laggard	slow, sluggish
48	12	martial	relating to war or a warrior
48	13	nimble	quick in movement or resourcefulness
48	14	palette	board on which a painter mixes paints
48	15	philology	study of literature, especially language used in literature
48	16	precognition	knowing something before it happens
48	17	quaint	unusual in character or appearance
48	18	refrain	a recurring phrase or verse
48	19	resurge	to rise again
48	20	searing	causing to wither or to dry up or to become scorched
48	21	splice	to join
48	22	syncopation	the accenting of musical beats not normally accented
48	23	trenchant	incisive or keen; caustic, cutting
48	24	vestiges	remnants, traces, remains
48	25	winsome	winning, engaging, or charming
49	1	adage	a wise saying
49	2	bovine	dull or sluggish like an ox or cow, relating to an ox or cow
49	3	cognate	having a common ancestor, related in origin
49	4	corporeal	relating to a physical, material body; tangible and palpable
49	5	cumbersome	difficult to handle, unwieldy
49	6	deterrent	something that discourages or keeps something from happening
49	7	disinterment	removal from a grave or tomb
49	8	fluid	smooth and effortless
49	9	import	relative importance, significance
49	10	inimical	having the disposition or temper of an enemy
49	11	insentient	without sensation, lacking animation
49	12	integral	essential for completeness
49	13	lampoon	a light and mocking satire; writing that ridicules in a malicious way
49	14	masochist	one who derives satisfaction from suffering pain
49	15	palisade	a fence made of stakes
49	16	phlegmatic	not easily excited to action or emotion; apathetic; sluggish
49	17	preface	an introductory statement or part; something preliminary or introductory
49	18	quake	to shake from shock or instability
49	19	reputable	having a good reputation
49	20	retraction	the act of taking back or disavowing
49	21	seasoned	experienced
49	22	stagnant	not flowing, foul from not moving
49	23	synthetic	artificial
49	24	vicissitude	a passing from one thing to another, change of luck
49	25	wispy	small in amount, fragile, or slight
50	1	adroit	skillful, adept
50	2	broach	to open up for the first time
50	3	commission	to authorize or order; to send on a mission; to give a commission to
50	4	cupidity	greed
50	5	disjunction	act of disjoining
50	6	dynamic	producing an effect of energetic movement or progression
50	7	ensconce	to settle comfortably
50	8	facsimile	a reproduction or exact copy
50	9	fulsome	excess to the point of disgust, extreme lavishness
50	10	germinal	being in the earliest stage of development
50	11	impoundment	the act of being seized and held in the custody of the law
50	12	insufferable	not to be endured; intolerable; unbearable
50	13	largess	generous giving
50	14	pall	to lose interest or attraction, to become wearisome
50	15	phobia	fear of something or a situation
50	16	premonition	a forewarning; a feeling of anxiety over a future event
50	17	quash	to set aside or to suppress forcibly
50	18	restitution	restoration of or compensation for something taken from a rightful owner
50	19	retrenchment	the act of cutting down or off as by the reduction of expenses
50	20	sedentary	characterized by a sitting posture
50	21	stand	a determined effort for or against something; a determined position taken
50	22	table	to put aside or to postpone (usually relates to parliamentary procedure)
50	23	turpitude	depravity
50	24	vignette	a short descriptive literary sketch or a short scene from a movie
50	25	wistful	having unfulfilled longing or yearning
51	1	advocacy	support of an idea or cause
51	2	artful	skillful, clever, tricky
51	3	askew	out of line, slanted
51	4	bucolic	rustic, rural, unsophisticated; pastoral
51	5	chaste	morally pure
51	6	compost	a composition of largely decaying matter used as fertilizer
51	7	curmudgeon	a surly, ill-mannered person; a grumpy person
51	8	disrepute	disgrace, loss of reputation
51	9	foliated	split into thin layers
51	10	hydrophobia	fear of water
51	11	junta	a group of people who join in running a government (after a revolution)
51	12	latitude	freedom of action or opinion
51	13	malediction	curse
51	14	nadir	the lowest point
51	15	palpable	tangible, perceptible, easily noticeable
51	16	phoenix	person of unmatched beauty; something rising from apparent destruction
51	17	pillage	to rob or to take by force, to plunder (especially in a war situation)
51	18	prepossessing	pleasing or creating a favorable impression
51	19	rabid	raging, furious, fanatical
51	20	sedulously	very diligent, accomplishing with painstaking care
51	21	stark	harsh, grim, or desolate; extremely simple or severe
51	22	tangible	capable of being touched; real or actual rather than imaginary
51	23	unassailable	undisputable, not able to be attacked with success
51	24	vile	wretchedly bad; highly offensive, unpleasant or objectionable
51	25	witticism	a clever and witty remark
52	1	asperity	sharpness (as in temper); harshness
52	2	buffeted	struck repeatedly, battered
52	3	compunction	remorse, distress or anxiety over an anticipated action
52	4	cutlery	cutting instruments
52	5	distant	chilly in manner
52	6	dowager	a widow who holds a title from her husband, an elderly woman of society
52	7	entrench	to fix firmly; to encroach
52	8	glacial	extremely cold or frigid
52	9	improvidence	not providing for the future, not thrifty
52	10	intransigent	refusing to compromise
52	11	leaven	to introduce something that spreads throughout and modifies or enlivens
52	12	matriculate	to enroll or to admit to membership by enrolling, esp. in a college
52	13	methodical	proceeding in a regular or systematic order
52	14	narcissistic	excessively loving oneself
52	15	panache	a grand or flamboyant manner; verve; style; flair
52	16	picayune	something of very small value, petty
52	17	prescient	knowledge of events before they happen, foresight
52	18	rail	to condemn or to attack with abusive language
52	19	retrospection	a looking back or contemplation of the past
52	20	reverie	daydreaming
52	21	seethe	to boil, to be agitated
52	22	stately	dignified, majestic
52	23	unctuous	characterized by excessive piousness or moralistic fervor
52	24	vim	great vitality and energy
52	25	wooden	stiff, clumsy
53	1	aggrandizement	an increase, enlargement, or enhancement
53	2	astronomical	inconceivably large
53	3	by-line	a line at the head of a written article giving the writer's name
53	4	concentration	something that has been drawn together
53	5	dashiki	a loose and brightly colored tunic or garment
53	6	diurnal	occurring during the day or daily
53	7	enmesh	to entangle
53	8	epicure	a person who understands a lot about food and drink, a connoisseur
53	9	ford	to cross a body of water by wading
53	10	impugn	to assail or to attack one's honor or integrity
53	11	legacy	a gift by will, something handed down by an ancestor or predecessor
53	12	maxim	a saying of proverbial nature; a general truth or principle; rule of conduct
53	13	nascent	recently coming into existence
53	14	papyrus	ancient paper made from a papyrus plant
53	15	pigeonhole	to assign to a category
53	16	prestidigitation	sleight of hand, manual dexterity
53	17	rarefy	to make less dense; to make more spiritual, refined, or abstruse
53	18	rhapsodize	to express in an overly enthusiastic manner
53	19	seminal	having the character of an originative power, principle, or source
53	20	stilted	artificially formal, stiff, pompous
53	21	swatch	a sample piece from some cloth or other item
53	22	tart	sharp or sour taste
53	23	unflappable	not easily upset
53	24	visceral	dealing with coarse or base emotions; earthly, crude
53	25	yoke	to fit or to join with a harness; to connect or to join together
54	1	attenuate	to make thin or to lessen the force or magnitude
54	2	calcified	inflexible, hardened
54	3	concomitant	something that accompanies or exists concurrently with something else
54	4	divination	foretelling the future by means of magic
54	5	epithet	a term or phrase describing or characterizing
54	6	foremost	first in rank, time, place, or position
54	7	goad	to urge on in a negative sense
54	8	impute	to blame or to charge
54	9	influence	authority, prestige
54	10	inveterate	firmly established, habitual, deep-rooted
54	11	mellifluous	sweetly or smoothly flowing; sweet-sounding
54	12	monastic	seclusion or simplicity of life
54	13	necromancy	communicating with spirits, black magic
54	14	onus	something distasteful to bear that involves considerable difficulty
54	15	parasite	an organism that lives on another organism but contributes nothing
54	16	potentate	a monarch, very powerful ruler, sovereign
54	17	primeval	ancient, relating to the earliest ages
54	18	ravenous	urgently eager for food; craving satisfaction or gratification
54	19	ribald	vulgarly humorous, profane
54	20	sententious	given to excessive moralizing
54	21	stint	to limit to a certain amount; to be frugal
54	22	theatrical	overly dramatic, exaggerated in behavior
54	23	unnerve	to cause to lose composure
54	24	visionary	a dreamer; one who is impractical
54	25	zenith	the highest point overhead, peak
55	1	alchemist	one who practices medieval chemistry or tries to change metals into gold
55	2	amalgam	a combination of different elements
55	3	august	inspiring reverence or admiration
55	4	caldron	a large kettle used for boiling
55	5	conduit	a pipe or tube for conveying water or other fluids, flume
55	6	document	to support with references or citations
55	7	forensic	pertaining to debate or argument
55	8	inaugural	the beginning, the first of a series
55	9	invidious	causing animosity or resentment; hateful; offensive
55	10	mellow	pleasingly mild
55	11	nettle	to arouse displeasure, impatience, or anger in
55	12	pare	to reduce or to lessen
55	13	placebo	substance with no medication given to humor a patient
55	14	privation	the condition of lacking basic necessities of life
55	15	protuberance	the state of bulging beyond the surrounding area; protrusion
55	16	refractory	unmanageable, stubborn with respect to authority
55	17	reprehensible	deserving blame or reprimand
55	18	rife	common in occurrence, abundant
55	19	serendipity	the faculty for making desirable discoveries by accident
55	20	solace	to comfort or to cheer
55	21	stipend	normal salary
55	22	teeming	filled to overflowing; present in a large amount
55	23	unremitting	constant, incessant
55	24	vitiated	impaired, corrupted, or made ineffective
55	25	zephyr	a gentle breeze, the west wind
56	1	allay	to put fear, doubt, anger, or suspicion to rest; to quiet; to relieve
56	2	aura	a distinctive quality about a person, thing, or place
56	3	calipers	an instrument used to measure distances or diameters
56	4	congenital	existing at birth or dating from birth
56	5	defunct	no longer existing, dead
56	6	dolt	a dull, stupid person; blockhead
56	7	epochal	pertaining to an epoch (a period of time marked by distinctive events)
56	8	foment	to instigate, to stir up, to promote the growth of
56	9	formidable	menacing, causing fear or awe
56	10	grievous	characterized by severe suffering or sorrow, serious or grave
56	11	inauspicious	unfavorable
56	12	iota	very small quantity
56	13	melodeon	a small reed organ
56	14	neuter	neither masculine nor feminine in gender, neutral
56	15	parity	the state of being equal
56	16	plaintive	mournful and expressing sorrow
56	17	proffer	to present for acceptance
56	18	rile	to make angry, to arouse resentment
56	19	serrated	having an edge that is notched or toothed like a saw
56	20	superb	of very high quality
56	21	titter	to snicker or to giggle nervously
56	22	unsung	not celebrated in verse or song or otherwise praised
56	23	vanguard	the forefront in any movement, field, or activity
56	24	vituperation	abusive remarks
56	25	warp	to become bent or twisted
57	1	acumen	mental sharpness
57	2	allegory	symbolical narrative; treatment of one subject under the guise of another
57	3	autocrat	a person with unlimited influence and authority (usually a negative word)
57	4	conjecture	an inference or conclusion drawn or deduced by surmise or guesswork
57	5	conspicuous	obvious, noticeable, attracting attention
57	6	domicile	home or residence, abode
57	7	excoriate	to strongly denounce or to censure
57	8	gaunt	very thin, emaciated, angular
57	9	incapacitate	to make incapable or unfit; to deprive of capacity
57	10	iridescence	the quality of exhibiting rainbow-like colors, brilliant appearance
57	11	licentious	lacking moral restraint, wanton
57	12	menagerie	a collection of live wild animals on exhibition, a varied mixture
57	13	nihilist	one who believes in total rejection of established laws and institutions
57	14	pastiche	a hodgepodge
57	15	plausible	seemingly acceptable, believable, or possible
57	16	profundity	profound knowledge, intellectual depth
57	17	refuge	shelter or place of protection
57	18	rivulet	a small stream, brook
57	19	serpentine	resembling a serpent, wily or tempting; diabolical
57	20	stoke	to stir up, to amply feed
57	21	stooped	bent forward from the middle of the back
57	22	temperate	exercising self-control
57	23	trowel	flat bladed hand tool used to work with mortar or to dig holes for plants
57	24	unwieldy	difficult to manage due to size
57	25	vivify	to make more lively
58	1	aplomb	a handling of something with confidence and composure; self-assurance
58	2	automaton	a creature acting in a mechanical way with no indication of intelligence
58	3	berate	to engage in intense and long scolding or condemnation
58	4	cascade	a steep waterfall or series of waterfalls, a continuous series
58	5	celerity	quickness (usually in accomplishing a task)
58	6	circuitous	indirect, roundabout
58	7	delimits	fixes or defines the limit or boundary of something
58	8	discriminating	drawing fine distinctions, picky
58	9	dormer	a gabled extension of an attic room; window in such an extension
58	10	execrable	extremely bad, deserving of hate
58	11	forswear	to renounce and to repudiate
58	12	grotto	cave
58	13	limpid	clear, transparent
58	14	meritorious	deserving of honor or praise
58	15	pathogenic	disease-producing
58	16	plumage	feathers of a bird
58	17	progenitor	related ancestor; forefather
58	18	regimen	the regular process, procedure, or system of doing something
58	19	rotund	very plump, round
58	20	ruffianism	rowdy or tough behavior
58	21	shepherd	to guide, to guard, or to tend to
58	22	stratum	a horizontal layer
58	23	tensile	capable of being stretched
58	24	unwitting	not intentional, without knowledge
58	25	vogue	popular fashion
59	1	ambience	a surrounding or pervading atmosphere
59	2	awry	with a turn or twist to one side; away from the expected direction
59	3	catacomb	an underground tunnel or area with holes for graves
59	4	consecrate	to dedicate or to declare sacred
59	5	demarcation	a setting or marking of a boundary
59	6	diorama	a three-dimensional miniature scene with painted model figures
59	7	exhume	to dig something buried out of the earth; to revive after neglect
59	8	failing	a fault or defect
59	9	forte	a strong point of a person; that in which one excels
59	10	icon	a picture, image, or other representation
59	11	inexorable	relentless, cannot be persuaded to change one's course of action
59	12	itinerary	proposed route of a journey
59	13	lineage	line of descent or tradition
59	14	metaphysical	highly abstract or abstruse; relating to what is conceived as transcendent
59	15	noncombatant	civilian, one not engaged in combat
59	16	peal	a loud ringing (usually of bells)
59	17	phalanx	a close arrangement of people or things
59	18	pneumatic	pertaining to air or gas
59	19	propinquity	nearness; kinship
59	20	remit	to send or to transmit (usually money)
59	21	rout	to gouge out or to make a furrow in; to expel by force
59	22	shrill	high-pitched or piercing (sound)
59	23	strife	vigorous or bitter conflict, discord, or antagonism
59	24	upshot	outcome, final result
59	25	voluptuous	pleasurable to the senses, sensuous
60	1	balm	a soothing substance or one that gives relief
60	2	conservatory	a greenhouse or place where plants are raised; a school for music and art
60	3	demur	to hesitate, to delay, to object
60	4	demure	serious, reserved, coy
60	5	expiate	to atone or to make amends for a sin or a crime
60	6	fountainhead	principal source or origin
60	7	furrow	to make wrinkles or grooves
60	8	hallmark	a distinguishing characteristic or trait
60	9	inclement	stormy, severe
60	10	jaded	weary from overuse, surfeited
60	11	juxtapose	to place close together or side by side
60	12	loiter	to stand idly or to linger aimlessly
60	13	mince	to restrain one's speech or to euphemize in order to show politeness
60	14	monolithic	massive and rigidly fixed uniformly
60	15	obeisance	an attitude of respect; a gesture made in token of respect
60	16	peccadillo	a slight offense, a small fault
60	17	polemicist	one skilled in argument and in refuting attacks
60	18	propound	to put forth for discussion or analysis
60	19	renege	to go back on one's word
60	20	repast	a meal
60	21	rudiment	an essential element or skill, also the early stages of development
60	22	sieve	a utensil for sifting or straining
60	23	tether	to fasten or to confine as with a rope
60	24	urban	having to do with a city or characteristic of a city
60	25	vouchsafe	to grant in a condescending manner
61	1	afoot	developing or in the process of happening
61	2	anachronism	an error in chronology; a chronological misplacing of persons or events
61	3	barb	a critical or caustic remark
61	4	censorious	critical
61	5	disinclination	a desire to avoid, aversion
61	6	droll	odd or whimsical
61	7	extant	still in existence
61	8	fractious	unruly
61	9	franchise	the right to vote
61	10	harbingers	things that precede and forecast
61	11	inconsequential	not significant, unimportant
61	12	jargon	language used by a special group that is usually strange and confusing
61	13	mettle	courage or spirit
61	14	obviates	makes unnecessary, prevents as a result of anticipating
61	15	opalescent	showing or reflecting an iridescent light
61	16	peevish	fretful, obstinate
61	17	perpetuate	to prolong the existence of something
61	18	polyphony	music in which two or more independent melodies are sounded together
61	19	propriety	correct conduct
61	20	renunciation	the act of renouncing; ascetic self-denial
61	21	repress	to restrain, to hold back
61	22	scanty	less than or barely sufficient, meager
61	23	simper	a silly or self-conscious smile, smirk
61	24	sublimate	to refine or to transform a primitive impulse into one socially acceptable
61	25	urbane	having a refined manner, suave and elegant
62	1	abode	a home
62	2	analgesic	causing insensitivity to pain
62	3	centrifuge	an apparatus used for separating materials by the use of centrifugal force
62	4	contusion	a bruise, an injury that does not break the skin
62	5	dereliction	conscious or willful neglect
62	6	dross	waste material
62	7	extradite	to surrender a prisoner from one jurisdiction to another
62	8	histrionic	overly theatrical
62	9	incorporeal	having no material or tangible form
62	10	jaundiced	prejudiced, having a hostile attitude resulting from distorted reasoning
62	11	lexicon	a dictionary or alphabetical listing of the words of a profession or subject
62	12	lustrous	shining or gleaming without sparkling
62	13	oculist	a doctor who specializes in treatment of the eyes
62	14	pejorative	downgrading, disparaging
62	15	pontificate	to speak in a self-important manner; to speak pompously
62	16	pragmatic	practical, dealing with facts
62	17	proscribe	to denounce or to condemn, to forbid
62	18	reparation	compensation to one who has suffered
62	19	ruse	clever trick, subterfuge
62	20	sinecure	an office or position requiring little work
62	21	soliloquy	a speech or dramatic monologue made to oneself to reveal thoughts
62	22	submissive	yielding or surrendering oneself to the will of another
62	23	threadbare	very worn
62	24	tidings	information or news
62	25	utter	to express by speaking
63	1	analogous	alike or similar in certain respects that permits one to draw an analogy
63	2	baseness	the quality of lacking higher values
63	3	carnal	relating to the body and physical appetites rather than the spirit
63	4	convalescence	the gradual recovery of health and strength after illness
63	5	derivative	something that comes from another thing
63	6	dub	to honor with a new title
63	7	extrapolation	inference or prediction based on past data
63	8	fraught	involving; full of; accompanied by
63	9	hermetic	airtight
63	10	incrustation	being covered with a crust, state of being encrusted
63	11	inextricable	not able to be disentangled
63	12	jocose	given to jokes and jesting
63	13	maelstrom	a turbulent whirlpool
63	14	mnemonic	assisting or intended to assist the memory
63	15	pendant	something suspended, hanging down from something
63	16	portal	a doorway (especially a large one)
63	17	proselytizer	one who causes another to convert from one belief or faith to another
63	18	saboteur	one that destroys property or normal operations (usually in a war effort)
63	19	sleeper	a possible winner of a contest that is given little chance to win
63	20	subterranean	below ground
63	21	superlative	of the highest kind or order; surpassing all others
63	22	tome	a book that is a large volume
63	23	vacuity	emptiness as in lack of intelligence
63	24	wan	very pale and sickly
63	25	wanderlust	a strong impulse to travel
64	1	ancillary	aiding or accessory, subordinate to the main thing, supplementary
64	2	bedlam	a place or scene of wild and mad uproar; an extremely confusing scene
64	3	convocation	an assembly where there is a coming together
64	4	desist	to cease from doing something
64	5	ductile	capable of being fashioned into a new form
64	6	exude	to come out gradually in drops through pores or small openings
64	7	fruition	state of realization or accomplishment
64	8	hidebound	stubbornly narrow-minded and resistant to change
64	9	inculcate	to teach persistently and earnestly
64	10	jubilee	a period of rejoicing
64	11	malady	a disease or unwholesome condition
64	12	materialize	to become real, to appear, to take a form or shape
64	13	mobile	a construction consisting of parts that move as a result of air currents
64	14	omnipresent	present everywhere at all times
64	15	percipient	very perceptive, discerning
64	16	posterity	future generations, all descendants of a person
64	17	protagonist	the leading character of a drama or other literary work
64	18	sanctify	to set apart for sacred use, to make holy, to purify
64	19	sleuth	one that searches out and investigates obscure information
64	20	sully	to tarnish, to dirty, or to soil
64	21	tier	one of a series of rows or levels
64	22	vagabond	one who leads an unsettled, irresponsible or disreputable life
64	23	venal	capable of being bribed or corrupted
64	24	wane	to decrease in size, degree, or power
64	25	wary	watchful or on one's guard; cautious; careful
65	1	a cappella	without accompaniment by an instrument
65	2	aberration	the act of straying from the right or usual course; deviation from truth
65	3	anecdote	a short story of an interesting or amusing incident
65	4	cherubic	innocent, wholesome, angelic
65	5	coquette	a person who flirts without sincere affection
65	6	cosmetology	use of cosmetics in treating the hair, skin, or nails
65	7	despoil	to take possessions by force, to plunder
65	8	dulcet	pleasing to the ear, melodious, euphonious
65	9	facile	easy, achieved with little difficulty
65	10	fissure	a narrow opening produced by cleavage or separation of parts; cleft
65	11	flaunt	to show off, to display ostentatiously
65	12	fugitive	a person who is elusive or hard to find, wandering
65	13	juncture	a point of joining
65	14	malapropism	a word that is used incorrectly in a ridiculous manner
65	15	metamorphosis	a complete change of form or structure; a complete change in appearance
65	16	modicum	limited quantity
65	17	omniscience	state of being all-knowing
65	18	perdition	eternal damnation, utter ruin
65	19	postscript	a message appended at the end of a letter
65	20	protean	very versatile; capable of great change
65	21	repose	to lie or to be at rest; the state of being at rest; absence of movement
65	22	slough	to cast off
65	23	sunder	to break or to force apart; to become parted or disunited
65	24	titanic	massive, enormous in scope
65	25	wanton	reckless, undisciplined, or without regard for others
